X,Y,Z,azimuth,dip,polarity,formation
1000,1414.214338,700,90,18.435,1,Sandstone_1
400,1414.214338,320,90,18.435,1,Shale
500,1414.214338,600,270,71.565,1,Main_Fault
